--------------------------------------------------------
--  Fichier créé - mardi-novembre-07-2017   
--------------------------------------------------------
-- Impossible d'afficher le langage DDL TABLE pour l'objet ETU2_26.CDI_ARTICLE avec DBMS_METADATA tentant le générateur interne.
CREATE TABLE CDI_ARTICLE 
(
  AR_NUMERO CHAR(8 BYTE) NOT NULL 
, FO_NUMERO CHAR(8 BYTE) 
, AR_NOM VARCHAR2(25 BYTE) 
, AR_POIDS NUMBER(10, 3) 
, AR_COULEUR VARCHAR2(20 BYTE) 
, AR_STOCK NUMBER(4, 0) 
, AR_PA NUMBER(5, 2) 
, AR_PV NUMBER(5, 2) 
, AR_POICODE NUMBER(1, 0) 
, CONSTRAINT PK_CDI_ARTICLE PRIMARY KEY 
  (
    AR_NUMERO 
  )
  USING INDEX 
  (
      CREATE UNIQUE INDEX PK_CDI_ARTICLE ON CDI_ARTICLE (AR_NUMERO ASC) 
      LOGGING 
      TABLESPACE USERS 
      PCTFREE 10 
      INITRANS 2 
      STORAGE 
      ( 
        INITIAL 65536 
        MINEXTENTS 1 
        MAXEXTENTS UNLIMITED 
        BUFFER_POOL DEFAULT 
      ) 
      NOPARALLEL 
  )
  ENABLE 
) 
LOGGING 
TABLESPACE USERS 
PCTFREE 10 
INITRANS 1 
STORAGE 
( 
  INITIAL 65536 
  MINEXTENTS 1 
  MAXEXTENTS UNLIMITED 
  BUFFER_POOL DEFAULT 
) 
NOCOMPRESS
-- Impossible d'afficher le langage DDL TABLE pour l'objet ETU2_26.CDI_CLIENT avec DBMS_METADATA tentant le générateur interne.
CREATE TABLE CDI_CLIENT 
(
  CL_NUMERO CHAR(8 BYTE) 
, CL_NOM VARCHAR2(25 BYTE) 
, CL_PRENOM NVARCHAR2(25) 
, CL_PAYS VARCHAR2(25 BYTE) 
, CL_LOCALITE VARCHAR2(20 BYTE) 
, CL_CA NUMBER(5, 0) 
, CL_TYPE VARCHAR2(16 BYTE) 
, EMP_ENUME NUMBER(4, 0) 
) 
LOGGING 
TABLESPACE USERS 
PCTFREE 10 
INITRANS 1 
STORAGE 
( 
  INITIAL 65536 
  MINEXTENTS 1 
  MAXEXTENTS UNLIMITED 
  BUFFER_POOL DEFAULT 
) 
NOCOMPRESS
-- Impossible d'afficher le langage DDL TABLE pour l'objet ETU2_26.CDI_COMMANDE avec DBMS_METADATA tentant le générateur interne.
CREATE TABLE CDI_COMMANDE 
(
  CO_NUMERO CHAR(8 BYTE) 
, CO_DATE DATE 
, CL_NUMERO CHAR(8 BYTE) 
, MA_NUMERO CHAR(8 BYTE) 
) 
LOGGING 
TABLESPACE USERS 
PCTFREE 10 
INITRANS 1 
STORAGE 
( 
  INITIAL 65536 
  MINEXTENTS 1 
  MAXEXTENTS UNLIMITED 
  BUFFER_POOL DEFAULT 
) 
NOCOMPRESS
-- Impossible d'afficher le langage DDL TABLE pour l'objet ETU2_26.CDI_FOURNISSEUR avec DBMS_METADATA tentant le générateur interne.
CREATE TABLE CDI_FOURNISSEUR 
(
  FO_NUMERO CHAR(8 BYTE) NOT NULL 
, FO_NOM CHAR(25 BYTE) 
, CONSTRAINT PK_CDI_FOURNISSEUR PRIMARY KEY 
  (
    FO_NUMERO 
  )
  USING INDEX 
  (
      CREATE UNIQUE INDEX PK_CDI_FOURNISSEUR ON CDI_FOURNISSEUR (FO_NUMERO ASC) 
      LOGGING 
      TABLESPACE USERS 
      PCTFREE 10 
      INITRANS 2 
      STORAGE 
      ( 
        INITIAL 65536 
        MINEXTENTS 1 
        MAXEXTENTS UNLIMITED 
        BUFFER_POOL DEFAULT 
      ) 
      NOPARALLEL 
  )
  ENABLE 
) 
LOGGING 
TABLESPACE USERS 
PCTFREE 10 
INITRANS 1 
STORAGE 
( 
  INITIAL 65536 
  MINEXTENTS 1 
  MAXEXTENTS UNLIMITED 
  BUFFER_POOL DEFAULT 
) 
NOCOMPRESS
-- Impossible d'afficher le langage DDL TABLE pour l'objet ETU2_26.CDI_LIGCDE avec DBMS_METADATA tentant le générateur interne.
CREATE TABLE CDI_LIGCDE 
(
  LIC_QTCMDEE NUMBER(*, 0) 
, LIC_QTLIVREE NUMBER(*, 0) 
, LIC_PU FLOAT(126) 
, CO_NUMERO CHAR(8 BYTE) 
, AR_NUMERO CHAR(8 BYTE) 
, DATE_LIV DATE 
) 
LOGGING 
TABLESPACE USERS 
PCTFREE 10 
INITRANS 1 
STORAGE 
( 
  INITIAL 65536 
  MINEXTENTS 1 
  MAXEXTENTS UNLIMITED 
  BUFFER_POOL DEFAULT 
) 
NOCOMPRESS
-- Impossible d'afficher le langage DDL TABLE pour l'objet ETU2_26.CDI_LIGLIV avec DBMS_METADATA tentant le générateur interne.
CREATE TABLE CDI_LIGLIV 
(
  LIL_QTLIVREE NUMBER(3, 0) 
, LI_NUMERO CHAR(8 BYTE) 
, AR_NUMERO CHAR(8 BYTE) 
) 
LOGGING 
TABLESPACE USERS 
PCTFREE 10 
INITRANS 1 
STORAGE 
( 
  INITIAL 65536 
  MINEXTENTS 1 
  MAXEXTENTS UNLIMITED 
  BUFFER_POOL DEFAULT 
) 
NOCOMPRESS
-- Impossible d'afficher le langage DDL TABLE pour l'objet ETU2_26.CDI_LIVRAISON avec DBMS_METADATA tentant le générateur interne.
CREATE TABLE CDI_LIVRAISON 
(
  LI_NUMERO CHAR(8 BYTE) 
, MA_NUMERO CHAR(8 BYTE) 
, CO_NUMERO CHAR(8 BYTE) 
, CL_NUMERO CHAR(8 BYTE) 
, DATE_LIV DATE 
) 
LOGGING 
TABLESPACE USERS 
PCTFREE 10 
INITRANS 1 
STORAGE 
( 
  INITIAL 65536 
  MINEXTENTS 1 
  MAXEXTENTS UNLIMITED 
  BUFFER_POOL DEFAULT 
) 
NOCOMPRESS
-- Impossible d'afficher le langage DDL TABLE pour l'objet ETU2_26.CDI_MAGASIN avec DBMS_METADATA tentant le générateur interne.
CREATE TABLE CDI_MAGASIN 
(
  MA_NUMERO CHAR(8 BYTE) 
, MA_LOCALITE VARCHAR2(25 BYTE) 
, MA_GERANT VARCHAR2(25 BYTE) 
) 
LOGGING 
TABLESPACE USERS 
PCTFREE 10 
INITRANS 1 
STORAGE 
( 
  INITIAL 65536 
  MINEXTENTS 1 
  MAXEXTENTS UNLIMITED 
  BUFFER_POOL DEFAULT 
) 
NOCOMPRESS
-- Impossible d'afficher le langage DDL TABLE pour l'objet ETU2_26.CDI_PAYS avec DBMS_METADATA tentant le générateur interne.
CREATE TABLE CDI_PAYS 
(
  CODE_CIO CHAR(3 BYTE) 
, CODE_ISO CHAR(3 BYTE) 
, NOM VARCHAR2(50 BYTE) 
, ANNEE_CREATION NUMBER(4, 0) 
, ANNEE_DISPARITION NUMBER(4, 0) 
) 
LOGGING 
TABLESPACE USERS 
PCTFREE 10 
INITRANS 1 
STORAGE 
( 
  INITIAL 65536 
  MINEXTENTS 1 
  MAXEXTENTS UNLIMITED 
  BUFFER_POOL DEFAULT 
) 
NOCOMPRESS
REM INSERTING into ETU2_26.CDI_ARTICLE
SET DEFINE OFF;
Insert into ETU2_26.CDI_ARTICLE (AR_NUMERO,FO_NUMERO,AR_NOM,AR_POIDS,AR_COULEUR,AR_STOCK,AR_PA,AR_PV,AR_POICODE) values ('A31     ','F06     ','SOURIS','35','Vert','5','2','5',null);
Insert into ETU2_26.CDI_ARTICLE (AR_NUMERO,FO_NUMERO,AR_NOM,AR_POIDS,AR_COULEUR,AR_STOCK,AR_PA,AR_PV,AR_POICODE) values ('A21     ','F06     ','COLLE','60','BLANC','10','1','2',null);
Insert into ETU2_26.CDI_ARTICLE (AR_NUMERO,FO_NUMERO,AR_NOM,AR_POIDS,AR_COULEUR,AR_STOCK,AR_PA,AR_PV,AR_POICODE) values ('A22     ','F03     ','COLLE','60','BLANC','34','1','2',null);
Insert into ETU2_26.CDI_ARTICLE (AR_NUMERO,FO_NUMERO,AR_NOM,AR_POIDS,AR_COULEUR,AR_STOCK,AR_PA,AR_PV,AR_POICODE) values ('A25     ','F01     ','COLLE',null,'BLANC','10','1','2',null);
Insert into ETU2_26.CDI_ARTICLE (AR_NUMERO,FO_NUMERO,AR_NOM,AR_POIDS,AR_COULEUR,AR_STOCK,AR_PA,AR_PV,AR_POICODE) values ('A26     ','F02     ','COLLE','60','BLANC','15','1','2',null);
Insert into ETU2_26.CDI_ARTICLE (AR_NUMERO,FO_NUMERO,AR_NOM,AR_POIDS,AR_COULEUR,AR_STOCK,AR_PA,AR_PV,AR_POICODE) values ('A27     ','F05     ','COLLE','60','BLANC','1','1','2',null);
Insert into ETU2_26.CDI_ARTICLE (AR_NUMERO,FO_NUMERO,AR_NOM,AR_POIDS,AR_COULEUR,AR_STOCK,AR_PA,AR_PV,AR_POICODE) values ('A01     ','F04     ','AGRAFEUSE','150','ROUGE','3','7','10',null);
Insert into ETU2_26.CDI_ARTICLE (AR_NUMERO,FO_NUMERO,AR_NOM,AR_POIDS,AR_COULEUR,AR_STOCK,AR_PA,AR_PV,AR_POICODE) values ('A02     ','F01     ','CALCULATRICE','100','NOIR',null,'25','40',null);
Insert into ETU2_26.CDI_ARTICLE (AR_NUMERO,FO_NUMERO,AR_NOM,AR_POIDS,AR_COULEUR,AR_STOCK,AR_PA,AR_PV,AR_POICODE) values ('A03     ','F04     ','CACHEUR-DATEUR','100','BLANC','3','15','25',null);
Insert into ETU2_26.CDI_ARTICLE (AR_NUMERO,FO_NUMERO,AR_NOM,AR_POIDS,AR_COULEUR,AR_STOCK,AR_PA,AR_PV,AR_POICODE) values ('A04     ','F05     ','LAMPE','550','ROUGE','48','18','28',null);
Insert into ETU2_26.CDI_ARTICLE (AR_NUMERO,FO_NUMERO,AR_NOM,AR_POIDS,AR_COULEUR,AR_STOCK,AR_PA,AR_PV,AR_POICODE) values ('A05     ','F05     ','LAMPE','550','BLANC','666','18','28',null);
Insert into ETU2_26.CDI_ARTICLE (AR_NUMERO,FO_NUMERO,AR_NOM,AR_POIDS,AR_COULEUR,AR_STOCK,AR_PA,AR_PV,AR_POICODE) values ('A06     ','F05     ','LAMPE','550','BLEU',null,'18','28',null);
Insert into ETU2_26.CDI_ARTICLE (AR_NUMERO,FO_NUMERO,AR_NOM,AR_POIDS,AR_COULEUR,AR_STOCK,AR_PA,AR_PV,AR_POICODE) values ('A07     ','F05     ','LAMPE','550','VERT','3','18','28',null);
Insert into ETU2_26.CDI_ARTICLE (AR_NUMERO,FO_NUMERO,AR_NOM,AR_POIDS,AR_COULEUR,AR_STOCK,AR_PA,AR_PV,AR_POICODE) values ('A08     ','F03     ','PESE-LETTRE 1-500','1230',null,null,'28','35',null);
Insert into ETU2_26.CDI_ARTICLE (AR_NUMERO,FO_NUMERO,AR_NOM,AR_POIDS,AR_COULEUR,AR_STOCK,AR_PA,AR_PV,AR_POICODE) values ('A09     ','F03     ','PESE-LETTRE 1-1000',null,null,'3','30','39',null);
Insert into ETU2_26.CDI_ARTICLE (AR_NUMERO,FO_NUMERO,AR_NOM,AR_POIDS,AR_COULEUR,AR_STOCK,AR_PA,AR_PV,AR_POICODE) values ('A10     ','F02     ','CRAYON','20','ROUGE',null,'1','2',null);
Insert into ETU2_26.CDI_ARTICLE (AR_NUMERO,FO_NUMERO,AR_NOM,AR_POIDS,AR_COULEUR,AR_STOCK,AR_PA,AR_PV,AR_POICODE) values ('A11     ','F02     ','CRAYON','20','BLEU',null,'3','4',null);
Insert into ETU2_26.CDI_ARTICLE (AR_NUMERO,FO_NUMERO,AR_NOM,AR_POIDS,AR_COULEUR,AR_STOCK,AR_PA,AR_PV,AR_POICODE) values ('A12     ','F02     ','CRAYON LUXE','20','ROUGE','8','3','4',null);
Insert into ETU2_26.CDI_ARTICLE (AR_NUMERO,FO_NUMERO,AR_NOM,AR_POIDS,AR_COULEUR,AR_STOCK,AR_PA,AR_PV,AR_POICODE) values ('A13     ','F02     ','CRAYON LUXE','20','VERT','7','3','4',null);
Insert into ETU2_26.CDI_ARTICLE (AR_NUMERO,FO_NUMERO,AR_NOM,AR_POIDS,AR_COULEUR,AR_STOCK,AR_PA,AR_PV,AR_POICODE) values ('A14     ','F02     ','CRAYON LUXE','20','BLEU',null,'3','4',null);
Insert into ETU2_26.CDI_ARTICLE (AR_NUMERO,FO_NUMERO,AR_NOM,AR_POIDS,AR_COULEUR,AR_STOCK,AR_PA,AR_PV,AR_POICODE) values ('A15     ','F02     ','CRAYON LUXE','20','NOIR',null,'3','5',null);
Insert into ETU2_26.CDI_ARTICLE (AR_NUMERO,FO_NUMERO,AR_NOM,AR_POIDS,AR_COULEUR,AR_STOCK,AR_PA,AR_PV,AR_POICODE) values ('A20     ','F01     ','COLLE','60','BLANC',null,'1','3',null);
Insert into ETU2_26.CDI_ARTICLE (AR_NUMERO,FO_NUMERO,AR_NOM,AR_POIDS,AR_COULEUR,AR_STOCK,AR_PA,AR_PV,AR_POICODE) values ('A28     ','F03     ','Surligneur','10','JAUNE','0','1','2',null);
Insert into ETU2_26.CDI_ARTICLE (AR_NUMERO,FO_NUMERO,AR_NOM,AR_POIDS,AR_COULEUR,AR_STOCK,AR_PA,AR_PV,AR_POICODE) values ('A30     ','F01     ','Calculatrice','80','Bleu',null,'6','15',null);
REM INSERTING into ETU2_26.CDI_CLIENT
SET DEFINE OFF;
Insert into ETU2_26.CDI_CLIENT (CL_NUMERO,CL_NOM,CL_PRENOM,CL_PAYS,CL_LOCALITE,CL_CA,CL_TYPE,EMP_ENUME) values ('C125    ','CHEMINAL','Jack',null,'PARIS',null,'Particulier',null);
Insert into ETU2_26.CDI_CLIENT (CL_NUMERO,CL_NOM,CL_PRENOM,CL_PAYS,CL_LOCALITE,CL_CA,CL_TYPE,EMP_ENUME) values ('C126    ','CHEMINAL','Jacky',null,'PARIS',null,'Particulier',null);
Insert into ETU2_26.CDI_CLIENT (CL_NUMERO,CL_NOM,CL_PRENOM,CL_PAYS,CL_LOCALITE,CL_CA,CL_TYPE,EMP_ENUME) values ('C127    ','CHEMINAL','Jackyy',null,'PARIS',null,'Particulier',null);
Insert into ETU2_26.CDI_CLIENT (CL_NUMERO,CL_NOM,CL_PRENOM,CL_PAYS,CL_LOCALITE,CL_CA,CL_TYPE,EMP_ENUME) values ('C124    ','ETDFG--JHU''','Phillipp',null,'FESSES',null,'Autre',null);
Insert into ETU2_26.CDI_CLIENT (CL_NUMERO,CL_NOM,CL_PRENOM,CL_PAYS,CL_LOCALITE,CL_CA,CL_TYPE,EMP_ENUME) values ('C130    ','CHEMINAL','Jackyyyyy',null,'PARIS',null,'proGamer',null);
Insert into ETU2_26.CDI_CLIENT (CL_NUMERO,CL_NOM,CL_PRENOM,CL_PAYS,CL_LOCALITE,CL_CA,CL_TYPE,EMP_ENUME) values ('C01     ','DEFRERE','Marc','FRANCE','PARIS',null,'Particulier','7934');
Insert into ETU2_26.CDI_CLIENT (CL_NUMERO,CL_NOM,CL_PRENOM,CL_PAYS,CL_LOCALITE,CL_CA,CL_TYPE,EMP_ENUME) values ('C02     ','DECERF','Jean','FRANCE','PARIS',null,'Particulier','7934');
Insert into ETU2_26.CDI_CLIENT (CL_NUMERO,CL_NOM,CL_PRENOM,CL_PAYS,CL_LOCALITE,CL_CA,CL_TYPE,EMP_ENUME) values ('C03     ','DEFAWE','Leon','BELGIQUE','LIEGE',null,'Particulier','7900');
Insert into ETU2_26.CDI_CLIENT (CL_NUMERO,CL_NOM,CL_PRENOM,CL_PAYS,CL_LOCALITE,CL_CA,CL_TYPE,EMP_ENUME) values ('C04     ','NOSSENT','Serge','BELGIQUE','BRUXELLES',null,'Particulier','7654');
Insert into ETU2_26.CDI_CLIENT (CL_NUMERO,CL_NOM,CL_PRENOM,CL_PAYS,CL_LOCALITE,CL_CA,CL_TYPE,EMP_ENUME) values ('C05     ','JACOB','Marthe','FRANCE','MARSEILLE','31','Administration','4');
Insert into ETU2_26.CDI_CLIENT (CL_NUMERO,CL_NOM,CL_PRENOM,CL_PAYS,CL_LOCALITE,CL_CA,CL_TYPE,EMP_ENUME) values ('C06     ','JAMAR','Pierre','BELGIQUE','LIEGE','21','Administration','8');
Insert into ETU2_26.CDI_CLIENT (CL_NUMERO,CL_NOM,CL_PRENOM,CL_PAYS,CL_LOCALITE,CL_CA,CL_TYPE,EMP_ENUME) values ('C07     ','DECKERS','Willian','FRANCE','LYON','140','Grand compte','7436');
Insert into ETU2_26.CDI_CLIENT (CL_NUMERO,CL_NOM,CL_PRENOM,CL_PAYS,CL_LOCALITE,CL_CA,CL_TYPE,EMP_ENUME) values ('C08     ','DECLERCQ','Lucien','BELGIQUE','BRUXELLES','349','Grand compte','7436');
Insert into ETU2_26.CDI_CLIENT (CL_NUMERO,CL_NOM,CL_PRENOM,CL_PAYS,CL_LOCALITE,CL_CA,CL_TYPE,EMP_ENUME) values ('C09     ','DEFYZ','Maurice','FRANCE','BORDEAUX',null,'Particulier','6');
Insert into ETU2_26.CDI_CLIENT (CL_NUMERO,CL_NOM,CL_PRENOM,CL_PAYS,CL_LOCALITE,CL_CA,CL_TYPE,EMP_ENUME) values ('C10     ','DEFOOZ','Francis','FRANCE','LILLE',null,'Particulier','7844');
Insert into ETU2_26.CDI_CLIENT (CL_NUMERO,CL_NOM,CL_PRENOM,CL_PAYS,CL_LOCALITE,CL_CA,CL_TYPE,EMP_ENUME) values ('C11     ','RAMJOIE','Victor','FRANCE','NANTES',null,'Particulier','7436');
Insert into ETU2_26.CDI_CLIENT (CL_NUMERO,CL_NOM,CL_PRENOM,CL_PAYS,CL_LOCALITE,CL_CA,CL_TYPE,EMP_ENUME) values ('C12     ','RENARDY','Jean','FRANCE','MARSEILLE','275','Grand compte','7900');
Insert into ETU2_26.CDI_CLIENT (CL_NUMERO,CL_NOM,CL_PRENOM,CL_PAYS,CL_LOCALITE,CL_CA,CL_TYPE,EMP_ENUME) values ('C13     ','MANTEAU','Yvan','FRANCE','CAEN','105','Grand compte','7902');
Insert into ETU2_26.CDI_CLIENT (CL_NUMERO,CL_NOM,CL_PRENOM,CL_PAYS,CL_LOCALITE,CL_CA,CL_TYPE,EMP_ENUME) values ('C131    ','CHEMINAL','Eéééééééééééééééééééééééé',null,'PARIS',null,'Particulier',null);
Insert into ETU2_26.CDI_CLIENT (CL_NUMERO,CL_NOM,CL_PRENOM,CL_PAYS,CL_LOCALITE,CL_CA,CL_TYPE,EMP_ENUME) values ('C15     ','DELVENNE','Christian','FRANCE','LYON','590','Grand compte','7436');
Insert into ETU2_26.CDI_CLIENT (CL_NUMERO,CL_NOM,CL_PRENOM,CL_PAYS,CL_LOCALITE,CL_CA,CL_TYPE,EMP_ENUME) values ('C16     ','DEFEEZ','Andre','FRANCE','LYON',null,'Particulier','5814');
Insert into ETU2_26.CDI_CLIENT (CL_NUMERO,CL_NOM,CL_PRENOM,CL_PAYS,CL_LOCALITE,CL_CA,CL_TYPE,EMP_ENUME) values ('C132    ','CHEMINALY','Eéééééééééééééééééééééééé',null,'PARIS',null,'Particulier',null);
Insert into ETU2_26.CDI_CLIENT (CL_NUMERO,CL_NOM,CL_PRENOM,CL_PAYS,CL_LOCALITE,CL_CA,CL_TYPE,EMP_ENUME) values ('C128    ','CHEMINAL','Jackyyy',null,'PARIS',null,'Particulier',null);
Insert into ETU2_26.CDI_CLIENT (CL_NUMERO,CL_NOM,CL_PRENOM,CL_PAYS,CL_LOCALITE,CL_CA,CL_TYPE,EMP_ENUME) values ('C101    ','DEFZ','André','F','LYON',null,'Particulier','5814');
Insert into ETU2_26.CDI_CLIENT (CL_NUMERO,CL_NOM,CL_PRENOM,CL_PAYS,CL_LOCALITE,CL_CA,CL_TYPE,EMP_ENUME) values ('C129    ','CHEMINAL','Jackyyyy',null,'PARIS',null,'Particulier',null);
REM INSERTING into ETU2_26.CDI_COMMANDE
SET DEFINE OFF;
Insert into ETU2_26.CDI_COMMANDE (CO_NUMERO,CO_DATE,CL_NUMERO,MA_NUMERO) values ('C9713   ',to_date('04/07/10','DD/MM/RR'),'C07     ','M10     ');
Insert into ETU2_26.CDI_COMMANDE (CO_NUMERO,CO_DATE,CL_NUMERO,MA_NUMERO) values ('C9701   ',to_date('02/05/10','DD/MM/RR'),'C07     ','M03     ');
Insert into ETU2_26.CDI_COMMANDE (CO_NUMERO,CO_DATE,CL_NUMERO,MA_NUMERO) values ('C9702   ',to_date('03/05/10','DD/MM/RR'),'C06     ','M12     ');
Insert into ETU2_26.CDI_COMMANDE (CO_NUMERO,CO_DATE,CL_NUMERO,MA_NUMERO) values ('C9703   ',to_date('03/06/10','DD/MM/RR'),'C13     ','M01     ');
Insert into ETU2_26.CDI_COMMANDE (CO_NUMERO,CO_DATE,CL_NUMERO,MA_NUMERO) values ('C9704   ',to_date('03/06/10','DD/MM/RR'),'C01     ','M02     ');
Insert into ETU2_26.CDI_COMMANDE (CO_NUMERO,CO_DATE,CL_NUMERO,MA_NUMERO) values ('C9705   ',to_date('05/06/10','DD/MM/RR'),'C08     ','M11     ');
Insert into ETU2_26.CDI_COMMANDE (CO_NUMERO,CO_DATE,CL_NUMERO,MA_NUMERO) values ('C9706   ',to_date('08/06/10','DD/MM/RR'),'C05     ','M04     ');
Insert into ETU2_26.CDI_COMMANDE (CO_NUMERO,CO_DATE,CL_NUMERO,MA_NUMERO) values ('C9707   ',to_date('12/06/10','DD/MM/RR'),'C04     ','M11     ');
Insert into ETU2_26.CDI_COMMANDE (CO_NUMERO,CO_DATE,CL_NUMERO,MA_NUMERO) values ('C9708   ',to_date('13/06/10','DD/MM/RR'),'C03     ','M12     ');
Insert into ETU2_26.CDI_COMMANDE (CO_NUMERO,CO_DATE,CL_NUMERO,MA_NUMERO) values ('C9709   ',to_date('13/06/10','DD/MM/RR'),'C10     ','M11     ');
Insert into ETU2_26.CDI_COMMANDE (CO_NUMERO,CO_DATE,CL_NUMERO,MA_NUMERO) values ('C9710   ',to_date('16/06/10','DD/MM/RR'),'C01     ','M11     ');
Insert into ETU2_26.CDI_COMMANDE (CO_NUMERO,CO_DATE,CL_NUMERO,MA_NUMERO) values ('C9711   ',to_date('16/06/10','DD/MM/RR'),'C12     ','M01     ');
Insert into ETU2_26.CDI_COMMANDE (CO_NUMERO,CO_DATE,CL_NUMERO,MA_NUMERO) values ('C9712   ',to_date('18/06/10','DD/MM/RR'),'C01     ','M11     ');
Insert into ETU2_26.CDI_COMMANDE (CO_NUMERO,CO_DATE,CL_NUMERO,MA_NUMERO) values ('C9714   ',to_date('25/06/10','DD/MM/RR'),'C06     ','M04     ');
REM INSERTING into ETU2_26.CDI_FOURNISSEUR
SET DEFINE OFF;
Insert into ETU2_26.CDI_FOURNISSEUR (FO_NUMERO,FO_NOM) values ('F01     ','CATI O ELECTRONIC        ');
Insert into ETU2_26.CDI_FOURNISSEUR (FO_NUMERO,FO_NOM) values ('F02     ','LES STYLOS REUNIS        ');
Insert into ETU2_26.CDI_FOURNISSEUR (FO_NUMERO,FO_NOM) values ('F03     ','MECANIQUE DE PRECISION   ');
Insert into ETU2_26.CDI_FOURNISSEUR (FO_NUMERO,FO_NOM) values ('F04     ','SARL ROULAND             ');
Insert into ETU2_26.CDI_FOURNISSEUR (FO_NUMERO,FO_NOM) values ('F05     ','ELECTROLAMP              ');
Insert into ETU2_26.CDI_FOURNISSEUR (FO_NUMERO,FO_NOM) values ('F06     ','RAMONAGE BDD             ');
REM INSERTING into ETU2_26.CDI_LIGCDE
SET DEFINE OFF;
Insert into ETU2_26.CDI_LIGCDE (LIC_QTCMDEE,LIC_QTLIVREE,LIC_PU,CO_NUMERO,AR_NUMERO,DATE_LIV) values ('4','1','28','C9713   ','A04     ',to_date('01/09/10','DD/MM/RR'));
Insert into ETU2_26.CDI_LIGCDE (LIC_QTCMDEE,LIC_QTLIVREE,LIC_PU,CO_NUMERO,AR_NUMERO,DATE_LIV) values ('1','1','25','C9713   ','A03     ',to_date('01/09/10','DD/MM/RR'));
Insert into ETU2_26.CDI_LIGCDE (LIC_QTCMDEE,LIC_QTLIVREE,LIC_PU,CO_NUMERO,AR_NUMERO,DATE_LIV) values ('10','4','2','C9713   ','A10     ',to_date('03/09/10','DD/MM/RR'));
Insert into ETU2_26.CDI_LIGCDE (LIC_QTCMDEE,LIC_QTLIVREE,LIC_PU,CO_NUMERO,AR_NUMERO,DATE_LIV) values ('1','1','28','C9701   ','A04     ',to_date('17/05/10','DD/MM/RR'));
Insert into ETU2_26.CDI_LIGCDE (LIC_QTCMDEE,LIC_QTLIVREE,LIC_PU,CO_NUMERO,AR_NUMERO,DATE_LIV) values ('1','1','2','C9702   ','A10     ',to_date('13/05/10','DD/MM/RR'));
Insert into ETU2_26.CDI_LIGCDE (LIC_QTCMDEE,LIC_QTLIVREE,LIC_PU,CO_NUMERO,AR_NUMERO,DATE_LIV) values ('2','1','3','C9702   ','A11     ',to_date('13/05/10','DD/MM/RR'));
Insert into ETU2_26.CDI_LIGCDE (LIC_QTCMDEE,LIC_QTLIVREE,LIC_PU,CO_NUMERO,AR_NUMERO,DATE_LIV) values ('3','3','3','C9702   ','A14     ',to_date('13/05/10','DD/MM/RR'));
Insert into ETU2_26.CDI_LIGCDE (LIC_QTCMDEE,LIC_QTLIVREE,LIC_PU,CO_NUMERO,AR_NUMERO,DATE_LIV) values ('1','1','40','C9703   ','A02     ',to_date('26/06/10','DD/MM/RR'));
Insert into ETU2_26.CDI_LIGCDE (LIC_QTCMDEE,LIC_QTLIVREE,LIC_PU,CO_NUMERO,AR_NUMERO,DATE_LIV) values ('2','2','25','C9703   ','A03     ',to_date('26/06/10','DD/MM/RR'));
Insert into ETU2_26.CDI_LIGCDE (LIC_QTCMDEE,LIC_QTLIVREE,LIC_PU,CO_NUMERO,AR_NUMERO,DATE_LIV) values ('5','5','5','C9703   ','A15     ',to_date('26/06/10','DD/MM/RR'));
Insert into ETU2_26.CDI_LIGCDE (LIC_QTCMDEE,LIC_QTLIVREE,LIC_PU,CO_NUMERO,AR_NUMERO,DATE_LIV) values ('1','1','3','C9703   ','A14     ',to_date('26/06/10','DD/MM/RR'));
Insert into ETU2_26.CDI_LIGCDE (LIC_QTCMDEE,LIC_QTLIVREE,LIC_PU,CO_NUMERO,AR_NUMERO,DATE_LIV) values ('1','1','3','C9703   ','A13     ',to_date('26/06/10','DD/MM/RR'));
Insert into ETU2_26.CDI_LIGCDE (LIC_QTCMDEE,LIC_QTLIVREE,LIC_PU,CO_NUMERO,AR_NUMERO,DATE_LIV) values ('2','0','40','C9704   ','A02     ',null);
Insert into ETU2_26.CDI_LIGCDE (LIC_QTCMDEE,LIC_QTLIVREE,LIC_PU,CO_NUMERO,AR_NUMERO,DATE_LIV) values ('1','0','3','C9704   ','A12     ',null);
Insert into ETU2_26.CDI_LIGCDE (LIC_QTCMDEE,LIC_QTLIVREE,LIC_PU,CO_NUMERO,AR_NUMERO,DATE_LIV) values ('10','0','3','C9704   ','A13     ',null);
Insert into ETU2_26.CDI_LIGCDE (LIC_QTCMDEE,LIC_QTLIVREE,LIC_PU,CO_NUMERO,AR_NUMERO,DATE_LIV) values ('8','0','5','C9704   ','A15     ',null);
Insert into ETU2_26.CDI_LIGCDE (LIC_QTCMDEE,LIC_QTLIVREE,LIC_PU,CO_NUMERO,AR_NUMERO,DATE_LIV) values ('1','0','28','C9704   ','A05     ',null);
Insert into ETU2_26.CDI_LIGCDE (LIC_QTCMDEE,LIC_QTLIVREE,LIC_PU,CO_NUMERO,AR_NUMERO,DATE_LIV) values ('1','1','28','C9705   ','A06     ',to_date('10/06/10','DD/MM/RR'));
Insert into ETU2_26.CDI_LIGCDE (LIC_QTCMDEE,LIC_QTLIVREE,LIC_PU,CO_NUMERO,AR_NUMERO,DATE_LIV) values ('1','1','35','C9705   ','A08     ',to_date('10/06/10','DD/MM/RR'));
Insert into ETU2_26.CDI_LIGCDE (LIC_QTCMDEE,LIC_QTLIVREE,LIC_PU,CO_NUMERO,AR_NUMERO,DATE_LIV) values ('1','1','2','C9706   ','A10     ',to_date('20/06/10','DD/MM/RR'));
Insert into ETU2_26.CDI_LIGCDE (LIC_QTCMDEE,LIC_QTLIVREE,LIC_PU,CO_NUMERO,AR_NUMERO,DATE_LIV) values ('1','0','28','C9707   ','A07     ',null);
Insert into ETU2_26.CDI_LIGCDE (LIC_QTCMDEE,LIC_QTLIVREE,LIC_PU,CO_NUMERO,AR_NUMERO,DATE_LIV) values ('1','1','10','C9708   ','A01     ',to_date('01/07/10','DD/MM/RR'));
Insert into ETU2_26.CDI_LIGCDE (LIC_QTCMDEE,LIC_QTLIVREE,LIC_PU,CO_NUMERO,AR_NUMERO,DATE_LIV) values ('3','3','3','C9709   ','A12     ',to_date('30/06/10','DD/MM/RR'));
Insert into ETU2_26.CDI_LIGCDE (LIC_QTCMDEE,LIC_QTLIVREE,LIC_PU,CO_NUMERO,AR_NUMERO,DATE_LIV) values ('3','3','3','C9709   ','A13     ',to_date('30/06/10','DD/MM/RR'));
Insert into ETU2_26.CDI_LIGCDE (LIC_QTCMDEE,LIC_QTLIVREE,LIC_PU,CO_NUMERO,AR_NUMERO,DATE_LIV) values ('3','3','3','C9709   ','A14     ',to_date('30/06/10','DD/MM/RR'));
Insert into ETU2_26.CDI_LIGCDE (LIC_QTCMDEE,LIC_QTLIVREE,LIC_PU,CO_NUMERO,AR_NUMERO,DATE_LIV) values ('3','3','5','C9709   ','A15     ',to_date('30/06/10','DD/MM/RR'));
Insert into ETU2_26.CDI_LIGCDE (LIC_QTCMDEE,LIC_QTLIVREE,LIC_PU,CO_NUMERO,AR_NUMERO,DATE_LIV) values ('8','8','3','C9710   ','A12     ',to_date('10/07/10','DD/MM/RR'));
Insert into ETU2_26.CDI_LIGCDE (LIC_QTCMDEE,LIC_QTLIVREE,LIC_PU,CO_NUMERO,AR_NUMERO,DATE_LIV) values ('9','3','3','C9710   ','A02     ',to_date('10/07/10','DD/MM/RR'));
Insert into ETU2_26.CDI_LIGCDE (LIC_QTCMDEE,LIC_QTLIVREE,LIC_PU,CO_NUMERO,AR_NUMERO,DATE_LIV) values ('1','0','39','C9711   ','A09     ',null);
Insert into ETU2_26.CDI_LIGCDE (LIC_QTCMDEE,LIC_QTLIVREE,LIC_PU,CO_NUMERO,AR_NUMERO,DATE_LIV) values ('5','5','5','C9712   ','A15     ',to_date('15/07/10','DD/MM/RR'));
Insert into ETU2_26.CDI_LIGCDE (LIC_QTCMDEE,LIC_QTLIVREE,LIC_PU,CO_NUMERO,AR_NUMERO,DATE_LIV) values ('3','1','25','C9712   ','A03     ',to_date('15/07/10','DD/MM/RR'));
REM INSERTING into ETU2_26.CDI_LIGLIV
SET DEFINE OFF;
Insert into ETU2_26.CDI_LIGLIV (LIL_QTLIVREE,LI_NUMERO,AR_NUMERO) values ('4','L9711   ','A10     ');
Insert into ETU2_26.CDI_LIGLIV (LIL_QTLIVREE,LI_NUMERO,AR_NUMERO) values ('1','L9711   ','A03     ');
Insert into ETU2_26.CDI_LIGLIV (LIL_QTLIVREE,LI_NUMERO,AR_NUMERO) values ('1','L9711   ','A04     ');
Insert into ETU2_26.CDI_LIGLIV (LIL_QTLIVREE,LI_NUMERO,AR_NUMERO) values ('1','L9701   ','A04     ');
Insert into ETU2_26.CDI_LIGLIV (LIL_QTLIVREE,LI_NUMERO,AR_NUMERO) values ('1','L9702   ','A10     ');
Insert into ETU2_26.CDI_LIGLIV (LIL_QTLIVREE,LI_NUMERO,AR_NUMERO) values ('1','L9702   ','A11     ');
Insert into ETU2_26.CDI_LIGLIV (LIL_QTLIVREE,LI_NUMERO,AR_NUMERO) values ('3','L9702   ','A14     ');
Insert into ETU2_26.CDI_LIGLIV (LIL_QTLIVREE,LI_NUMERO,AR_NUMERO) values ('1','L9703   ','A02     ');
Insert into ETU2_26.CDI_LIGLIV (LIL_QTLIVREE,LI_NUMERO,AR_NUMERO) values ('2','L9703   ','A03     ');
Insert into ETU2_26.CDI_LIGLIV (LIL_QTLIVREE,LI_NUMERO,AR_NUMERO) values ('5','L9703   ','A15     ');
Insert into ETU2_26.CDI_LIGLIV (LIL_QTLIVREE,LI_NUMERO,AR_NUMERO) values ('1','L9703   ','A14     ');
Insert into ETU2_26.CDI_LIGLIV (LIL_QTLIVREE,LI_NUMERO,AR_NUMERO) values ('1','L9703   ','A13     ');
Insert into ETU2_26.CDI_LIGLIV (LIL_QTLIVREE,LI_NUMERO,AR_NUMERO) values ('0','L9704   ','A02     ');
Insert into ETU2_26.CDI_LIGLIV (LIL_QTLIVREE,LI_NUMERO,AR_NUMERO) values ('0','L9704   ','A12     ');
Insert into ETU2_26.CDI_LIGLIV (LIL_QTLIVREE,LI_NUMERO,AR_NUMERO) values ('0','L9704   ','A13     ');
Insert into ETU2_26.CDI_LIGLIV (LIL_QTLIVREE,LI_NUMERO,AR_NUMERO) values ('0','L9704   ','A15     ');
Insert into ETU2_26.CDI_LIGLIV (LIL_QTLIVREE,LI_NUMERO,AR_NUMERO) values ('0','L9704   ','A05     ');
Insert into ETU2_26.CDI_LIGLIV (LIL_QTLIVREE,LI_NUMERO,AR_NUMERO) values ('1','L9705   ','A06     ');
Insert into ETU2_26.CDI_LIGLIV (LIL_QTLIVREE,LI_NUMERO,AR_NUMERO) values ('1','L9705   ','A08     ');
Insert into ETU2_26.CDI_LIGLIV (LIL_QTLIVREE,LI_NUMERO,AR_NUMERO) values ('1','L9706   ','A10     ');
Insert into ETU2_26.CDI_LIGLIV (LIL_QTLIVREE,LI_NUMERO,AR_NUMERO) values ('0','L9707   ','A07     ');
Insert into ETU2_26.CDI_LIGLIV (LIL_QTLIVREE,LI_NUMERO,AR_NUMERO) values ('1','L9708   ','A01     ');
Insert into ETU2_26.CDI_LIGLIV (LIL_QTLIVREE,LI_NUMERO,AR_NUMERO) values ('3','L9709   ','A12     ');
Insert into ETU2_26.CDI_LIGLIV (LIL_QTLIVREE,LI_NUMERO,AR_NUMERO) values ('3','L9709   ','A13     ');
Insert into ETU2_26.CDI_LIGLIV (LIL_QTLIVREE,LI_NUMERO,AR_NUMERO) values ('3','L9709   ','A15     ');
Insert into ETU2_26.CDI_LIGLIV (LIL_QTLIVREE,LI_NUMERO,AR_NUMERO) values ('3','L9709   ','A14     ');
Insert into ETU2_26.CDI_LIGLIV (LIL_QTLIVREE,LI_NUMERO,AR_NUMERO) values ('3','L9710   ','A02     ');
Insert into ETU2_26.CDI_LIGLIV (LIL_QTLIVREE,LI_NUMERO,AR_NUMERO) values ('8','L9710   ','A12     ');
Insert into ETU2_26.CDI_LIGLIV (LIL_QTLIVREE,LI_NUMERO,AR_NUMERO) values ('0','L9711   ','A09     ');
Insert into ETU2_26.CDI_LIGLIV (LIL_QTLIVREE,LI_NUMERO,AR_NUMERO) values ('1','L9712   ','A03     ');
Insert into ETU2_26.CDI_LIGLIV (LIL_QTLIVREE,LI_NUMERO,AR_NUMERO) values ('5','L9712   ','A05     ');
REM INSERTING into ETU2_26.CDI_LIVRAISON
SET DEFINE OFF;
Insert into ETU2_26.CDI_LIVRAISON (LI_NUMERO,MA_NUMERO,CO_NUMERO,CL_NUMERO,DATE_LIV) values ('L9701   ','M03     ','C9701   ','C07     ',to_date('17/05/10','DD/MM/RR'));
Insert into ETU2_26.CDI_LIVRAISON (LI_NUMERO,MA_NUMERO,CO_NUMERO,CL_NUMERO,DATE_LIV) values ('L9702   ','M12     ','C9702   ','C06     ',to_date('13/05/10','DD/MM/RR'));
Insert into ETU2_26.CDI_LIVRAISON (LI_NUMERO,MA_NUMERO,CO_NUMERO,CL_NUMERO,DATE_LIV) values ('L9703   ','M01     ','C9703   ','C13     ',to_date('26/06/10','DD/MM/RR'));
Insert into ETU2_26.CDI_LIVRAISON (LI_NUMERO,MA_NUMERO,CO_NUMERO,CL_NUMERO,DATE_LIV) values ('L9704   ','M02     ','C9704   ','C01     ',to_date('04/06/10','DD/MM/RR'));
Insert into ETU2_26.CDI_LIVRAISON (LI_NUMERO,MA_NUMERO,CO_NUMERO,CL_NUMERO,DATE_LIV) values ('L9705   ','M11     ','C9705   ','C08     ',to_date('06/06/10','DD/MM/RR'));
Insert into ETU2_26.CDI_LIVRAISON (LI_NUMERO,MA_NUMERO,CO_NUMERO,CL_NUMERO,DATE_LIV) values ('L9706   ','M04     ','C9706   ','C05     ',to_date('09/06/10','DD/MM/RR'));
Insert into ETU2_26.CDI_LIVRAISON (LI_NUMERO,MA_NUMERO,CO_NUMERO,CL_NUMERO,DATE_LIV) values ('L9707   ','M11     ','C9707   ','C04     ',to_date('01/07/10','DD/MM/RR'));
Insert into ETU2_26.CDI_LIVRAISON (LI_NUMERO,MA_NUMERO,CO_NUMERO,CL_NUMERO,DATE_LIV) values ('L9708   ','M12     ','C9708   ','C03     ',to_date('15/06/10','DD/MM/RR'));
Insert into ETU2_26.CDI_LIVRAISON (LI_NUMERO,MA_NUMERO,CO_NUMERO,CL_NUMERO,DATE_LIV) values ('L9709   ','M11     ','C9709   ','C10     ',to_date('16/06/10','DD/MM/RR'));
Insert into ETU2_26.CDI_LIVRAISON (LI_NUMERO,MA_NUMERO,CO_NUMERO,CL_NUMERO,DATE_LIV) values ('L9710   ','M11     ','C9710   ','C01     ',to_date('23/06/10','DD/MM/RR'));
Insert into ETU2_26.CDI_LIVRAISON (LI_NUMERO,MA_NUMERO,CO_NUMERO,CL_NUMERO,DATE_LIV) values ('L9711   ','M01     ','C9711   ','C12     ',to_date('24/06/10','DD/MM/RR'));
Insert into ETU2_26.CDI_LIVRAISON (LI_NUMERO,MA_NUMERO,CO_NUMERO,CL_NUMERO,DATE_LIV) values ('L9712   ','M11     ','C9712   ','C01     ',to_date('18/06/10','DD/MM/RR'));
REM INSERTING into ETU2_26.CDI_MAGASIN
SET DEFINE OFF;
Insert into ETU2_26.CDI_MAGASIN (MA_NUMERO,MA_LOCALITE,MA_GERANT) values ('M01     ','PARIS 5E','BERTON Louis');
Insert into ETU2_26.CDI_MAGASIN (MA_NUMERO,MA_LOCALITE,MA_GERANT) values ('M02     ','PARIS 10E','JANNEAU Luc');
Insert into ETU2_26.CDI_MAGASIN (MA_NUMERO,MA_LOCALITE,MA_GERANT) values ('M03     ','LYON','MOUILLARD Marcel');
Insert into ETU2_26.CDI_MAGASIN (MA_NUMERO,MA_LOCALITE,MA_GERANT) values ('M04     ','MARSEILLE','CAMUS Marius');
Insert into ETU2_26.CDI_MAGASIN (MA_NUMERO,MA_LOCALITE,MA_GERANT) values ('M05     ','MONTPELLIER','BAIJOT Marc');
Insert into ETU2_26.CDI_MAGASIN (MA_NUMERO,MA_LOCALITE,MA_GERANT) values ('M06     ','BORDEAUX','DETIENNE Nicole');
Insert into ETU2_26.CDI_MAGASIN (MA_NUMERO,MA_LOCALITE,MA_GERANT) values ('M07     ','NANTES','DUMONT Henri');
Insert into ETU2_26.CDI_MAGASIN (MA_NUMERO,MA_LOCALITE,MA_GERANT) values ('M08     ','TOURS','DEMARTEAU Renee');
Insert into ETU2_26.CDI_MAGASIN (MA_NUMERO,MA_LOCALITE,MA_GERANT) values ('M09     ','ROUEN','NOSSENT Daniel');
Insert into ETU2_26.CDI_MAGASIN (MA_NUMERO,MA_LOCALITE,MA_GERANT) values ('M10     ','LILLE','NIZET Jean Luc');
Insert into ETU2_26.CDI_MAGASIN (MA_NUMERO,MA_LOCALITE,MA_GERANT) values ('M11     ','BRUXELLES','VANDAELE Annick');
Insert into ETU2_26.CDI_MAGASIN (MA_NUMERO,MA_LOCALITE,MA_GERANT) values ('M12     ','LIEGE','HANNEAU Vincent');
REM INSERTING into ETU2_26.CDI_PAYS
SET DEFINE OFF;
Insert into ETU2_26.CDI_PAYS (CODE_CIO,CODE_ISO,NOM,ANNEE_CREATION,ANNEE_DISPARITION) values ('ERI','ER ','ERYTHREE',null,null);
Insert into ETU2_26.CDI_PAYS (CODE_CIO,CODE_ISO,NOM,ANNEE_CREATION,ANNEE_DISPARITION) values ('ETH','ET ','ETHIOPIE',null,null);
Insert into ETU2_26.CDI_PAYS (CODE_CIO,CODE_ISO,NOM,ANNEE_CREATION,ANNEE_DISPARITION) values ('ARG','AR ','ARGENTINE',null,null);
Insert into ETU2_26.CDI_PAYS (CODE_CIO,CODE_ISO,NOM,ANNEE_CREATION,ANNEE_DISPARITION) values ('CRC','CR ','COSTA RICA',null,null);
Insert into ETU2_26.CDI_PAYS (CODE_CIO,CODE_ISO,NOM,ANNEE_CREATION,ANNEE_DISPARITION) values ('MOL','MD ','MOLDOVA',null,null);
Insert into ETU2_26.CDI_PAYS (CODE_CIO,CODE_ISO,NOM,ANNEE_CREATION,ANNEE_DISPARITION) values ('NZL','NZ ','NOUVELLE ZELANDE',null,null);
Insert into ETU2_26.CDI_PAYS (CODE_CIO,CODE_ISO,NOM,ANNEE_CREATION,ANNEE_DISPARITION) values ('NOR','NO ','NORVEGE',null,null);
Insert into ETU2_26.CDI_PAYS (CODE_CIO,CODE_ISO,NOM,ANNEE_CREATION,ANNEE_DISPARITION) values ('BRE','BR ','BRESIL',null,null);
Insert into ETU2_26.CDI_PAYS (CODE_CIO,CODE_ISO,NOM,ANNEE_CREATION,ANNEE_DISPARITION) values ('LUX','LU ','LUXEMBOURG',null,null);
Insert into ETU2_26.CDI_PAYS (CODE_CIO,CODE_ISO,NOM,ANNEE_CREATION,ANNEE_DISPARITION) values ('CRO','HR ','CROATIE',null,null);
Insert into ETU2_26.CDI_PAYS (CODE_CIO,CODE_ISO,NOM,ANNEE_CREATION,ANNEE_DISPARITION) values ('HON','HU ','HONGRIE',null,null);
Insert into ETU2_26.CDI_PAYS (CODE_CIO,CODE_ISO,NOM,ANNEE_CREATION,ANNEE_DISPARITION) values ('ESP','ES ','ESPAGNE',null,null);
Insert into ETU2_26.CDI_PAYS (CODE_CIO,CODE_ISO,NOM,ANNEE_CREATION,ANNEE_DISPARITION) values ('POR','PT ','PORTUGAL',null,null);
Insert into ETU2_26.CDI_PAYS (CODE_CIO,CODE_ISO,NOM,ANNEE_CREATION,ANNEE_DISPARITION) values ('FRA','FR ','FRANCE',null,null);
Insert into ETU2_26.CDI_PAYS (CODE_CIO,CODE_ISO,NOM,ANNEE_CREATION,ANNEE_DISPARITION) values ('AUS','AU ','AUSTRALIE',null,null);
Insert into ETU2_26.CDI_PAYS (CODE_CIO,CODE_ISO,NOM,ANNEE_CREATION,ANNEE_DISPARITION) values ('SUI','CH ','SUISSE',null,null);
Insert into ETU2_26.CDI_PAYS (CODE_CIO,CODE_ISO,NOM,ANNEE_CREATION,ANNEE_DISPARITION) values ('ITA','IT ','ITALIE',null,null);
Insert into ETU2_26.CDI_PAYS (CODE_CIO,CODE_ISO,NOM,ANNEE_CREATION,ANNEE_DISPARITION) values ('BEL','BE ','BELGIQUE',null,null);
Insert into ETU2_26.CDI_PAYS (CODE_CIO,CODE_ISO,NOM,ANNEE_CREATION,ANNEE_DISPARITION) values ('RUS','RU ','RUSSIE',null,null);
Insert into ETU2_26.CDI_PAYS (CODE_CIO,CODE_ISO,NOM,ANNEE_CREATION,ANNEE_DISPARITION) values ('USA','US ','ETATS-UNIS',null,null);
Insert into ETU2_26.CDI_PAYS (CODE_CIO,CODE_ISO,NOM,ANNEE_CREATION,ANNEE_DISPARITION) values ('UKR','UA ','UKRAINE',null,null);
Insert into ETU2_26.CDI_PAYS (CODE_CIO,CODE_ISO,NOM,ANNEE_CREATION,ANNEE_DISPARITION) values ('UZB','UZ ','OUZBEKISTAN',null,null);
Insert into ETU2_26.CDI_PAYS (CODE_CIO,CODE_ISO,NOM,ANNEE_CREATION,ANNEE_DISPARITION) values ('KAZ','KZ ','KAZAKHSTAN',null,null);
Insert into ETU2_26.CDI_PAYS (CODE_CIO,CODE_ISO,NOM,ANNEE_CREATION,ANNEE_DISPARITION) values ('COL','CO ','COLOMBIE',null,null);
Insert into ETU2_26.CDI_PAYS (CODE_CIO,CODE_ISO,NOM,ANNEE_CREATION,ANNEE_DISPARITION) values ('POL','PL ','POLOGNE',null,null);
Insert into ETU2_26.CDI_PAYS (CODE_CIO,CODE_ISO,NOM,ANNEE_CREATION,ANNEE_DISPARITION) values ('VEN','VE ','VENEZUELA',null,null);
Insert into ETU2_26.CDI_PAYS (CODE_CIO,CODE_ISO,NOM,ANNEE_CREATION,ANNEE_DISPARITION) values ('GBR','GB ','ROYAUME UNI',null,null);
Insert into ETU2_26.CDI_PAYS (CODE_CIO,CODE_ISO,NOM,ANNEE_CREATION,ANNEE_DISPARITION) values ('LIT','LT ','LITUANIE',null,null);
Insert into ETU2_26.CDI_PAYS (CODE_CIO,CODE_ISO,NOM,ANNEE_CREATION,ANNEE_DISPARITION) values ('JAP','JP ','JAPON',null,null);
Insert into ETU2_26.CDI_PAYS (CODE_CIO,CODE_ISO,NOM,ANNEE_CREATION,ANNEE_DISPARITION) values ('CZE','CZ ','REPUBLIQUE TCHEQUE','1993',null);
Insert into ETU2_26.CDI_PAYS (CODE_CIO,CODE_ISO,NOM,ANNEE_CREATION,ANNEE_DISPARITION) values ('AUT','AT ','AUTRICHE',null,null);
Insert into ETU2_26.CDI_PAYS (CODE_CIO,CODE_ISO,NOM,ANNEE_CREATION,ANNEE_DISPARITION) values ('LAT','LV ','LETTONIE',null,null);
Insert into ETU2_26.CDI_PAYS (CODE_CIO,CODE_ISO,NOM,ANNEE_CREATION,ANNEE_DISPARITION) values ('IRL','IE ','IRLANDE',null,null);
Insert into ETU2_26.CDI_PAYS (CODE_CIO,CODE_ISO,NOM,ANNEE_CREATION,ANNEE_DISPARITION) values ('AND','AD ','ANDORRE',null,null);
Insert into ETU2_26.CDI_PAYS (CODE_CIO,CODE_ISO,NOM,ANNEE_CREATION,ANNEE_DISPARITION) values ('SUE','SE ','SUEDE',null,null);
Insert into ETU2_26.CDI_PAYS (CODE_CIO,CODE_ISO,NOM,ANNEE_CREATION,ANNEE_DISPARITION) values ('SM ','SM ','SAINT-MARIN',null,null);
Insert into ETU2_26.CDI_PAYS (CODE_CIO,CODE_ISO,NOM,ANNEE_CREATION,ANNEE_DISPARITION) values ('MC ','MC ','MONACO',null,null);
Insert into ETU2_26.CDI_PAYS (CODE_CIO,CODE_ISO,NOM,ANNEE_CREATION,ANNEE_DISPARITION) values ('FIN','FI ','FINLANDE',null,null);
Insert into ETU2_26.CDI_PAYS (CODE_CIO,CODE_ISO,NOM,ANNEE_CREATION,ANNEE_DISPARITION) values ('EST','EE ','ESTONIE',null,null);
Insert into ETU2_26.CDI_PAYS (CODE_CIO,CODE_ISO,NOM,ANNEE_CREATION,ANNEE_DISPARITION) values ('MEX','MX ','MEXIQUE',null,null);
Insert into ETU2_26.CDI_PAYS (CODE_CIO,CODE_ISO,NOM,ANNEE_CREATION,ANNEE_DISPARITION) values ('DEN','DK ','DANEMARK',null,null);
Insert into ETU2_26.CDI_PAYS (CODE_CIO,CODE_ISO,NOM,ANNEE_CREATION,ANNEE_DISPARITION) values ('RSA','ZA ','AFRIQUE DU SUD',null,null);
Insert into ETU2_26.CDI_PAYS (CODE_CIO,CODE_ISO,NOM,ANNEE_CREATION,ANNEE_DISPARITION) values ('SLV','SI ','SLOVENIE','1991',null);
Insert into ETU2_26.CDI_PAYS (CODE_CIO,CODE_ISO,NOM,ANNEE_CREATION,ANNEE_DISPARITION) values ('KEN','KE ','KENYA',null,null);
Insert into ETU2_26.CDI_PAYS (CODE_CIO,CODE_ISO,NOM,ANNEE_CREATION,ANNEE_DISPARITION) values ('SLQ','SK ','SLOVAQUIE',null,null);
Insert into ETU2_26.CDI_PAYS (CODE_CIO,CODE_ISO,NOM,ANNEE_CREATION,ANNEE_DISPARITION) values ('CAN','CA ','CANADA',null,null);
Insert into ETU2_26.CDI_PAYS (CODE_CIO,CODE_ISO,NOM,ANNEE_CREATION,ANNEE_DISPARITION) values ('BLR','BY ','BELARUS',null,null);
Insert into ETU2_26.CDI_PAYS (CODE_CIO,CODE_ISO,NOM,ANNEE_CREATION,ANNEE_DISPARITION) values ('CHN','CN ','CHINE',null,null);
Insert into ETU2_26.CDI_PAYS (CODE_CIO,CODE_ISO,NOM,ANNEE_CREATION,ANNEE_DISPARITION) values ('GER','DE ','ALLEMAGNE','1990',null);
Insert into ETU2_26.CDI_PAYS (CODE_CIO,CODE_ISO,NOM,ANNEE_CREATION,ANNEE_DISPARITION) values ('NED','NL ','PAYS-BAS',null,null);
Insert into ETU2_26.CDI_PAYS (CODE_CIO,CODE_ISO,NOM,ANNEE_CREATION,ANNEE_DISPARITION) values ('YUG','YU ','YOUGOSLAVIE','1929','2003');
Insert into ETU2_26.CDI_PAYS (CODE_CIO,CODE_ISO,NOM,ANNEE_CREATION,ANNEE_DISPARITION) values ('TCH','CS ','TCHECOSLOVAQUIE','1918','1992');
Insert into ETU2_26.CDI_PAYS (CODE_CIO,CODE_ISO,NOM,ANNEE_CREATION,ANNEE_DISPARITION) values ('UAE','AE ','EMIRATS ARABES UNIS','1971',null);
Insert into ETU2_26.CDI_PAYS (CODE_CIO,CODE_ISO,NOM,ANNEE_CREATION,ANNEE_DISPARITION) values ('BRN','BH ','BAHREIN','2002',null);
Insert into ETU2_26.CDI_PAYS (CODE_CIO,CODE_ISO,NOM,ANNEE_CREATION,ANNEE_DISPARITION) values ('URS','SU ','UNION DES REPUBLIQUES SOCIALISTES SOVIETIQUES','1922','1991');
Insert into ETU2_26.CDI_PAYS (CODE_CIO,CODE_ISO,NOM,ANNEE_CREATION,ANNEE_DISPARITION) values ('GDR','DD ','REPUBLIQUE DEMOCRATIQUE ALLEMANDE','1949','1990');
Insert into ETU2_26.CDI_PAYS (CODE_CIO,CODE_ISO,NOM,ANNEE_CREATION,ANNEE_DISPARITION) values ('FRG','DE ','REPUBLIQUE FEDRERALE D''ALLEMAGNE','1949','1990');
-- Impossible d'afficher le langage DDL FUNCTION pour l'objet ETU2_26.FUNC_1106 avec DBMS_METADATA tentant le générateur interne.
CREATE FUNCTION FUNC_1106 (pType in bidon.type%type) RETURN bidon.couleur%type IS

cursor c_bidon is select couleur from bidon where type=pType;
vCouleur bidon.couleur%type ;

BEGIN
  open c_bidon;
  loop
    fetch c_bidon into vCouleur;
    exit when c_bidon%notfound;
    dbms_output.put_line(vCouleur);
  end loop;
  close c_bidon;  
  return vCouleur;
END FUNC_1106;
-- Impossible d'afficher le langage DDL PROCEDURE pour l'objet ETU2_26.PLSQL_EXO_413 avec DBMS_METADATA tentant le générateur interne.
CREATE PROCEDURE PLSQL_EXO_413 AS
BEGIN
 dbms_output.put_line('Ceci est un'||chr(10)||'message');
END PLSQL_EXO_413;
-- Impossible d'afficher le langage DDL PROCEDURE pour l'objet ETU2_26.PLSQL_EXO_414 avec DBMS_METADATA tentant le générateur interne.
CREATE PROCEDURE PLSQL_EXO_414 AS
vNbLignes int := 0;
BEGIN
 insert into bidon values(3,'ville',35.4);
 insert into bidon values(4,'daine',30.4);
 select count(*) into vNbLignes from bidon;
 dbms_output.put_line('nb réponses : '|| vNbLignes);
END PLSQL_EXO_414;
-- Impossible d'afficher le langage DDL PROCEDURE pour l'objet ETU2_26.PLSQL_EXO_421 avec DBMS_METADATA tentant le générateur interne.
CREATE PROCEDURE PLSQL_EXO_421 as
  v_nom_exercice PLSQL_TAB.nom_exercice%TYPE:='PLSQL_EXO_421';
BEGIN
  FOR v_i IN 0..9
  LOOP
    insert into PLSQL_TAB (nom_exercice,date_jour,resultat) 
    values (v_nom_exercice,sysdate,v_i);
  END LOOP;
END PLSQL_EXO_421;
-- Impossible d'afficher le langage DDL PROCEDURE pour l'objet ETU2_26.PLSQL_EXO_422 avec DBMS_METADATA tentant le générateur interne.
CREATE PROCEDURE PLSQL_EXO_422 as
  v_nom_exercice PLSQL_TAB.nom_exercice%TYPE:='PLSQL_EXO_422';
  v_i PLSQL_TAB.resultat%TYPE:=11;
BEGIN
  WHILE v_i<20
  LOOP
    insert into PLSQL_TAB (nom_exercice,date_jour,resultat) 
    values (v_nom_exercice,sysdate,v_i);
    v_i:=v_i+1;
  END LOOP;
END PLSQL_EXO_422;
-- Impossible d'afficher le langage DDL PROCEDURE pour l'objet ETU2_26.PLSQL_EXO_423 avec DBMS_METADATA tentant le générateur interne.
CREATE PROCEDURE PLSQL_EXO_423 as
  v_nom_exercice PLSQL_TAB.nom_exercice%TYPE:='PLSQL_EXO_423';
  i number(3) :=20;
BEGIN
  LOOP
    i:=i+1;
    exit when i=31;
    insert into PLSQL_TAB (nom_exercice,date_jour,resultat) 
    values (v_nom_exercice,sysdate,i);
    dbms_output.put_line(v_nom_exercice || ''|| sysdate|| ' ' || i ) ;
  END LOOP;
END PLSQL_EXO_423;
-- Impossible d'afficher le langage DDL PROCEDURE pour l'objet ETU2_26.PLSQL_EXO_431 avec DBMS_METADATA tentant le générateur interne.
CREATE PROCEDURE PLSQL_EXO_431 (pmultiplicateur varchar2) as
  vmultiplicateur plsql_tab.MULTIPLICATEUR%type;
  v_nom_exercice PLSQL_TAB.nom_exercice%TYPE:='PLSQL_EXO_431';

BEGIN
  vmultiplicateur:=pmultiplicateur;
  for i in 1..10
  LOOP
    insert into PLSQL_TAB (nom_exercice,date_jour,multiplicande,multiplicateur,resultat)
    values (v_nom_exercice,sysdate,i,vmultiplicateur,vmultiplicateur*i);
    dbms_output.put_line(v_nom_exercice || ''|| sysdate|| ' ' || i || ' ' || vmultiplicateur || ' ' ||  vmultiplicateur*i) ;
  END LOOP;
END PLSQL_EXO_431;
-- Impossible d'afficher le langage DDL PROCEDURE pour l'objet ETU2_26.PROC_1106 avec DBMS_METADATA tentant le générateur interne.
CREATE PROCEDURE PROC_1106 (pType bidon.type%type,pCouleur in out bidon.couleur%type) AS

cursor c_bidon is select couleur from bidon where type=pType;
vCouleur bidon.couleur%type ;

BEGIN
  open c_bidon;
  loop
    fetch c_bidon into vCouleur;
    exit when c_bidon%notfound;
    dbms_output.put_line(vCouleur);
  end loop;
  pCouleur := vCouleur;
  close c_bidon;  
END PROC_1106;
